station,valid,tmpf
PANC,2024-01-30 09:53,5.00
PANC,2024-01-30 10:53,5.00
PANC,2024-01-30 11:53,6.00
PANC,2024-01-30 12:53,5.00
PANC,2024-01-30 13:53,5.00
PANC,2024-01-30 14:53,6.00
PANC,2024-01-30 15:53,6.00
PANC,2024-01-30 16:53,4.00
PANC,2024-01-30 17:53,5.00
PANC,2024-01-30 18:53,4.00
PANC,2024-01-30 19:53,5.00
PANC,2024-01-30 20:53,6.00
PANC,2024-01-30 21:53,6.00
PANC,2024-01-30 22:53,6.00
PANC,2024-01-30 23:53,7.00
PANC,2024-01-31 00:53,5.00
PANC,2024-01-31 01:53,5.00
PANC,2024-01-31 02:53,3.00
PANC,2024-01-31 03:53,0.00
PANC,2024-01-31 04:53,2.00
PANC,2024-01-31 05:53,3.00
PANC,2024-01-31 06:53,2.00
PANC,2024-01-31 07:53,1.00
PANC,2024-01-31 08:53,1.00
PANC,2024-01-31 09:53,0.00
PANC,2024-01-31 10:53,0.00
PANC,2024-01-31 11:53,-6.00
PANC,2024-01-31 12:53,-6.00
PANC,2024-01-31 13:53,-3.00
PANC,2024-01-31 14:53,0.00
PANC,2024-01-31 15:53,-1.00
PANC,2024-01-31 16:53,-4.00
PANC,2024-01-31 17:53,-5.00
PANC,2024-01-31 18:53,-8.00
PANC,2024-01-31 19:53,-6.00
PANC,2024-01-31 20:53,-7.60
PANC,2024-01-31 21:53,-5.80
PANC,2024-01-31 22:53,-5.00
PANC,2024-01-31 23:53,-4.00
PANC,2024-02-01 00:53,-5.00
PANC,2024-02-01 01:53,-5.00
PANC,2024-02-01 02:53,-9.00
PANC,2024-02-01 03:53,-11.00
PANC,2024-02-01 04:53,-10.00
PANC,2024-02-01 05:53,-10.00
PANC,2024-02-01 06:53,-16.00
PANC,2024-02-01 07:53,-17.00
PANC,2024-02-01 08:53,-14.00
PANC,2024-02-01 09:53,-11.20
PANC,2024-02-01 10:53,-13.00
PANC,2024-02-01 11:53,-12.00
PANC,2024-02-01 12:53,-9.40
PANC,2024-02-01 13:53,-7.60
PANC,2024-02-01 14:53,-7.60
PANC,2024-02-01 15:53,-5.80
PANC,2024-02-01 16:53,-8.00
PANC,2024-02-01 17:53,-9.40
PANC,2024-02-01 18:53,-11.00
PANC,2024-02-01 19:53,-12.00
PANC,2024-02-01 20:53,-9.40
PANC,2024-02-01 21:53,-5.80
PANC,2024-02-01 22:53,-6.00
PANC,2024-02-01 23:53,-2.20
PANC,2024-02-02 00:53,-5.00
PANC,2024-02-02 01:53,-6.00
PANC,2024-02-02 02:53,-10.00
PANC,2024-02-02 03:53,-10.00
PANC,2024-02-02 04:53,-9.40
PANC,2024-02-02 05:53,-4.00
PANC,2024-02-02 06:53,-4.00
PANC,2024-02-02 07:53,-4.00
PANC,2024-02-02 08:53,-7.60
PANC,2024-02-02 09:53,-13.00
PANC,2024-02-02 10:53,-13.00
PANC,2024-02-02 11:53,-11.00
PANC,2024-02-02 12:53,-10.00
PANC,2024-02-02 13:53,-7.00
PANC,2024-02-02 14:53,-11.20
PANC,2024-02-02 15:53,-13.00
PANC,2024-02-02 16:53,-10.00
PANC,2024-02-02 17:53,-10.00
PANC,2024-02-02 18:53,-12.00
PANC,2024-02-02 19:53,-11.20
PANC,2024-02-02 20:53,-9.00
PANC,2024-02-02 21:53,-7.60
PANC,2024-02-02 22:53,-6.00
PANC,2024-02-02 23:53,-6.00
PANC,2024-02-03 00:53,-8.00
PANC,2024-02-03 01:53,-9.00
PANC,2024-02-03 02:53,-10.00
PANC,2024-02-03 03:53,-10.00
PANC,2024-02-03 04:53,-14.00
PANC,2024-02-03 05:53,-12.00
PANC,2024-02-03 06:53,-15.00
PANC,2024-02-03 07:53,-16.00
PANC,2024-02-03 08:53,-13.00
PANC,2024-02-03 09:53,-15.00
PANC,2024-02-03 10:53,-15.00
PANC,2024-02-03 11:53,-15.00
PANC,2024-02-03 12:53,-19.00
PANC,2024-02-03 13:53,-20.00
PANC,2024-02-03 14:53,-15.00
PANC,2024-02-03 15:53,-18.00
PANC,2024-02-03 16:53,-16.60
PANC,2024-02-03 17:57,-17.00
PANC,2024-02-03 18:53,-14.80
PANC,2024-02-03 19:53,-11.00
PANC,2024-02-03 20:53,-9.00
PANC,2024-02-03 21:53,-7.00
PANC,2024-02-03 22:53,-7.00
PANC,2024-02-03 23:53,-5.00
PANC,2024-02-04 00:53,-4.00
PANC,2024-02-04 01:53,-3.00
PANC,2024-02-04 02:53,-2.00
PANC,2024-02-04 03:53,-1.00
PANC,2024-02-04 04:53,0.00
PANC,2024-02-04 05:53,0.00
PANC,2024-02-04 06:53,0.00
PANC,2024-02-04 07:53,1.00
PANC,2024-02-04 08:53,1.00
PANC,2024-02-04 09:53,2.00
PANC,2024-02-04 10:53,2.00
PANC,2024-02-04 11:53,3.00
PANC,2024-02-04 12:53,4.00
PANC,2024-02-04 13:53,5.00
PANC,2024-02-04 14:53,5.00
PANC,2024-02-04 15:53,6.00
PANC,2024-02-04 16:53,7.00
PANC,2024-02-04 17:53,8.00
PANC,2024-02-04 18:53,9.00
PANC,2024-02-04 19:53,10.00
PANC,2024-02-04 20:53,11.00
PANC,2024-02-04 21:53,12.00
PANC,2024-02-04 22:53,13.00
PANC,2024-02-04 23:53,13.00
PANC,2024-02-05 00:53,12.00
PANC,2024-02-05 01:53,13.00
PANC,2024-02-05 02:53,13.00
PANC,2024-02-05 03:53,12.00
PANC,2024-02-05 04:53,12.20
PANC,2024-02-05 05:53,10.00
PANC,2024-02-05 06:53,12.00
PANC,2024-02-05 07:53,14.00
PANC,2024-02-05 08:53,15.00
